gw,MAE_Poisson_all,RMSE_Poisson_all,MAE_Poisson_60m,RMSE_Poisson_60m,MAE_XGBoost_all,RMSE_XGBoost_all,MAE_XGBoost_60m,RMSE_XGBoost_60m,MAE_RF_all,RMSE_RF_all,MAE_RF_60m,RMSE_RF_60m
2,2.3266134185303513,3.771092798456263,3.043712871287129,4.570036451530429,2.4788942337036133,3.8831281015631474,3.213555335998535,4.693269967677328,2.328551947886068,3.690654009411439,2.9789390499895676,4.443410851583425
3,2.396666666666667,3.58967316971149,2.937342995169082,4.107492799926651,2.368433952331543,3.487096980609064,2.8042643070220947,3.950753567436262,2.331326164874552,3.4193167157236304,2.717255207521687,3.852180774634133
4,2.576655737704918,3.7343716744960838,3.3136231884057974,4.411207180837296,2.3451426029205322,3.351973644016412,2.847991704940796,3.878514818492463,2.3415737704918036,3.346099074503539,2.838647342995169,3.8677755781204928
5,2.152360655737705,3.3166128781644924,2.7927363184079605,3.975928065257155,2.138361930847168,3.0868723551832886,2.6420397758483887,3.626032583562661,2.0859016393442626,3.0361977948052608,2.5328855721393033,3.5515336887447027
6,2.102282958199357,3.3763678899991576,2.455049504950495,3.7994236144420905,2.041743278503418,3.107415583500466,2.222017765045166,3.3343530684574834,2.059292604501608,3.081724368009873,2.2447524752475245,3.326578981893001
7,2.2410610932475885,3.4692954982271678,2.8150000000000004,4.083852585702326,2.223597526550293,3.20020246461285,2.6642467975616455,3.70301013881069,2.2016077170418007,3.1405726841717763,2.5950970873786408,3.6027828375794844
8,2.3685342019543976,3.8600432901658497,3.0094088669950745,4.612913604348369,2.2441153526306152,3.4619377533568794,2.7013113498687744,4.077638092789928,2.3194462540716616,3.4658449341382624,2.7779802955665027,4.064056007429905
9,2.2378095238095237,3.61023267948203,2.742740384615385,4.234317388906977,2.2019596099853516,3.2990333759785324,2.5472168922424316,3.7857062193175386,2.1975555555555557,3.2743436031892,2.5327884615384617,3.7536352892383382
10,2.27019801980198,3.5003760759763125,2.886407766990291,4.151071682891643,2.1119353771209717,2.9842382269869403,2.5396716594696045,3.4722462123465947,2.123696369636964,2.9525112653937877,2.548689320388349,3.4296755344849545
11,2.4985808580858087,3.794572509262777,2.964663461538461,4.273395729123656,2.383601427078247,3.3730310418707723,2.673870325088501,3.6965536408362962,2.4376237623762376,3.4278117990013595,2.740144230769231,3.754809672017601
12,2.3291419141914194,3.767455611175561,2.9078325123152706,4.3972965832860655,2.2669501304626465,3.3912669334452863,2.669045925140381,3.8743864004327704,2.264851485148515,3.327467892295495,2.6070443349753694,3.767300519200777
13,2.279013157894737,3.6226036543958413,2.94435,4.339774475707234,2.2729878425598145,3.290618745774342,2.7250092029571533,3.8401210370459156,2.4678618421052634,3.5059215415156055,2.9443,4.03360558309808
14,2.52872131147541,3.9505917382041913,3.2080676328502413,4.623290387771661,2.5430192947387695,3.704392228412292,2.997298002243042,4.257201656655997,2.5537704918032786,3.718774608680114,3.0129468599033817,4.278127383919683
15,2.3894516129032257,3.6842478551346836,3.0156796116504863,4.37433617710062,2.3274354934692383,3.3589932956747894,2.7861530780792236,3.923185699416291,2.3848387096774197,3.383501526620782,2.8189805825242713,3.918479804794523
16,2.4235548172757477,3.88533211551349,2.976442307692307,4.513916408857595,2.320047616958618,3.4501649070801474,2.6483194828033447,3.903747122962324,2.334817275747508,3.3946661307903145,2.656730769230769,3.8260681012476265
17,2.4206291390728474,3.6936669892959446,2.8853990610328633,4.239581928631344,2.296578884124756,3.24798624299805,2.600245237350464,3.6190943789628274,2.332086092715232,3.2909480004585085,2.6292488262910796,3.6440424722972296
18,2.379795221843003,3.6566702808240885,2.9633009708737865,4.2419643050182,2.179630756378174,3.258730093628516,2.5484862327575684,3.72832250719427,2.2117406143344707,3.2569250977187316,2.5918932038834948,3.729043905158793
19,2.5743537414965982,3.785852019057808,3.2979126213592234,4.4190356655714185,2.3308262825012207,3.2898409323226177,2.7312769889831543,3.749145283250495,2.3218027210884356,3.2571754906468806,2.6918446601941746,3.692842328886981
20,2.3144295302013425,3.643089072007049,2.862451923076923,4.2383794186167245,2.2266855239868164,3.2391023595687987,2.6009557247161865,3.704447964663614,2.297281879194631,3.2862643261728826,2.667355769230769,3.7376436813133402
21,2.3497288135593224,3.5331528628892315,2.945384615384616,4.124386551122108,2.2191576957702637,3.137211401079155,2.5814924240112305,3.5765906629874276,2.184779661016949,3.093937264491666,2.523846153846154,3.5134947263810847
22,2.400068728522337,3.4526159214472334,2.92829383886256,3.928970476440277,2.2452874183654785,3.037178769806075,2.550757646560669,3.354635186180584,2.292233676975945,3.050988347553497,2.598056872037915,3.3693922694460556
23,2.3319141914191417,3.5253409356927854,2.9692424242424247,4.169874219937696,2.387770414352417,3.2153564637573044,2.8233346939086914,3.683761770839933,2.424785478547855,3.2296082280875327,2.8436868686868686,3.6655682238965905
24,2.3899668874172186,3.6396709060896923,2.8415686274509806,4.148027171049475,2.281982898712158,3.3110897013023974,2.5318663120269775,3.654075432352187,2.322384105960265,3.3167350098896677,2.5983823529411767,3.6612724805005414
25,2.2417821782178216,3.5244237878415854,2.7898048780487796,4.121160918609363,2.216935873031616,3.1358357061829425,2.614743232727051,3.592452105134534,2.259504950495049,3.157877206106166,2.664829268292683,3.6142048344505677
26,2.1765243902439027,3.5089512713046105,2.7792825112107624,4.1380194998532716,2.254964590072632,3.2477660203946312,2.6757309436798096,3.73983811951216,2.2964939024390243,3.2143279178414006,2.7386547085201793,3.697724424464661
27,2.377138047138047,3.653441207948016,2.94190243902439,4.2467628417591605,2.1646461486816406,3.1909312311435367,2.516390085220337,3.6264059037071927,2.244814814814815,3.1716646894583453,2.5986341463414635,3.586887229897255
28,2.1959800664451827,3.486279561756953,2.731970443349754,4.082078034989513,2.202159881591797,3.159280360886264,2.5646612644195557,3.6191605198370476,2.2946843853820598,3.2504372310030893,2.682413793103448,3.721239729331169
29,2.335,3.596518877917324,3.0591044776119403,4.310039189026623,2.251765727996826,3.1154602925527164,2.6762802600860596,3.6015822271439806,2.2675816993464055,3.0600493395996597,2.6812935323383082,3.5088200168215753
30,2.544695945945946,3.6179275368865755,3.193640776699029,4.216373827405154,2.3601529598236084,3.1533561508396235,2.750664234161377,3.594801243154231,2.389898648648649,3.1640933652982373,2.787864077669903,3.598957777937752
31,2.420864197530864,3.6057999118247293,3.0496449704142012,4.251958337536013,2.258091449737549,3.1690888594221485,2.704381227493286,3.6829990137426716,2.2839506172839505,3.160411886476361,2.735029585798817,3.6587049475861164
32,2.3810561056105612,3.8484072398627958,3.0032547169811323,4.487530785094383,2.2012054920196533,3.4609242733945904,2.583966016769409,3.964263783397915,2.245313531353135,3.4681542727228756,2.6450943396226414,3.9688734678462083
33,2.416020408163265,3.653058615037262,2.9402602230483272,4.213677543270452,2.190556526184082,3.1259390373802045,2.464632272720337,3.508562785156169,2.247168367346939,3.1791299268568336,2.544200743494424,3.5774810456479376
34,2.4137560975609755,3.6526187064398257,2.9956643356643355,4.20583061817891,2.3067128658294678,3.2250816512306306,2.71203351020813,3.643908677482066,2.3359024390243905,3.2039585271820297,2.7314685314685314,3.608203551233337
35,2.291016393442623,3.567120894420294,2.8009359605911333,4.101937845539587,2.211301803588867,3.1886127997789355,2.535106897354126,3.558940514629308,2.2371803278688525,3.1994120361480762,2.5734482758620687,3.5695966434660846
36,2.4039197530864196,3.607539387463256,3.000088888888889,4.219824956875186,2.249495506286621,3.203133634229979,2.6200156211853027,3.6640470134350895,2.2760802469135806,3.2097345665419628,2.643422222222222,3.6632884437650035
37,2.222745098039216,3.523556488378948,2.84822966507177,4.180863558607693,2.2098846435546875,3.170762191021155,2.6290597915649414,3.6866262661569533,2.2490522875816996,3.185765265489186,2.6804306220095695,3.700541470789578
38,2.248429487179487,3.416694730966667,2.9069306930693073,4.098091924999069,2.2103209495544434,3.063897261767121,2.628119945526123,3.568307125583878,2.194070512820513,3.0233299585823477,2.603267326732674,3.513951965500038
